FLEXIBLE URETHANES, 18
CASTING RESINS, 18
SILICONES-PLATINUM, 12
SILICONES-TIN, 12
EPOXIES AND EPOXY ADHESIVES, 24
ALGINATES- ALJASAFE, 18
ACCUCAST, 18
FORTON CONCRETE AND GYPSUM LATEX, 12
BUDDY RHODES PRODUCTS, 12
GYPSUM PLASTER, 12
MANN- RELEASE AGENTS, 24
HOLDEN'S LATEX PRODUCTS, 12
OOMOO, 9
MISCELLANEOUS, 24
MISCELLANEOUS ACCESSORIES RAM, 24
CHAVANT, 24
ESMFG ES MANUFACTURING FIBERGLASS ACCESS, 24
MODELING CLAYS, 24
RENEW POLYMERS, 24
SALES AND MARKETING MATERIAL, 24
AR-PRODUCTS PARTS, 12
ASI, 24
EXPANDABLE FOAM, 24
ADJUSTMENTS, 24
FMC- POLYSULFIDES, 24
AVES, 24
RHH FOAM SYSTEMS, 24
PTM&W, 24
FUSE FX, 24
DISPENSING EQUIPMENT, 24
SURECRETE DESIGN PRODUCTS, 24
RE-PACKAGING SUPPLIES, 24
AIM SUPPLY, 24
SANCO, 24
POLYESTER RESIN, 24
CASS POLYMER, 24
